{
   "dashboards": [{
      "autoswitchEnabled": false,
      "columnCount": 1,
      "columnProportion": "1-1",
      "creationTime": 1575491658785,
      "dashboardNavigations": {},
      "description": "",
      "disabled": false,
      "gridsterMaxColumns": 12,
      "hidden": false,
      "homeTab": false,
      "id": "3e47c59a-122c-498c-80e0-a56c7275fbf5",
      "importAttempts": 0,
      "importComplete": true,
      "isDefault": false,
      "locked": false,
      "name": "EC2 Instance Rightsizing and Reclamation",
      "rank": 13,
      "shared": false,
      "states": [],
      "temporary": false,
      "userId": "6df558f7-25df-4222-96b9-ade784399d19",
      "widgetInteractions": [
         {
            "type": "resourceId",
            "widgetIdProvider": "e5544185-1fff-4981-b9ba-932d9d3a283e",
            "widgetIdReceiver": "7ad0b251-547b-4492-8342-dcb3e44c7f03"
         },
         {
            "type": "resourceId",
            "widgetIdProvider": "4d84138b-747d-45ba-ba8d-c9b962489373",
            "widgetIdReceiver": "7ad0b251-547b-4492-8342-dcb3e44c7f03"
         },
         {
            "type": "resourceId",
            "widgetIdProvider": "e5544185-1fff-4981-b9ba-932d9d3a283e",
            "widgetIdReceiver": "68d091c5-5241-4cf0-a63d-601e4bb39c1d"
         },
         {
            "type": "resourceId",
            "widgetIdProvider": "4d84138b-747d-45ba-ba8d-c9b962489373",
            "widgetIdReceiver": "68d091c5-5241-4cf0-a63d-601e4bb39c1d"
         }
      ],
      "widgets": [
         {
            "collapsed": false,
            "config": {
               "chartViewItems": [],
               "isUpdatedView": true,
               "refreshContent": {"refreshContent": true},
               "refreshInterval": 300,
               "resource": {
                  "id": "Ext.vcops.chrome.model.Resource-12",
                  "resourceId": "resource:id:0_::_",
                  "resourceKindId": "002016AmazonAWSAdapterAWS World",
                  "resourceName": "AWS World",
                  "traversalSpecId": ""
               },
               "selectFirstRow": {"selectFirstRow": false},
               "selfProvider": {"selfProvider": true},
               "title": "EC2 Instances Needing Rightsizing",
               "traversalSpecId": null,
               "viewDefinitionId": "b04f6bc6-a03a-4b1d-83f6-413284efdf2b"
            },
            "gridsterCoords": {
               "h": 8,
               "w": 4,
               "x": 1,
               "y": 1
            },
            "height": 438,
            "id": "e5544185-1fff-4981-b9ba-932d9d3a283e",
            "title": "EC2 Instances Needing Rightsizing",
            "type": "View"
         },
         {
            "collapsed": false,
            "config": {
               "chartViewItems": [],
               "isUpdatedView": true,
               "refreshContent": {"refreshContent": true},
               "refreshInterval": 300,
               "resource": {
                  "id": "Ext.vcops.chrome.model.Resource-5",
                  "resourceId": "resource:id:0_::_",
                  "resourceKindId": "002016AmazonAWSAdapterAWS World",
                  "resourceName": "AWS World",
                  "traversalSpecId": ""
               },
               "selectFirstRow": {"selectFirstRow": false},
               "selfProvider": {"selfProvider": true},
               "title": "Powered Off EC2 Instances",
               "traversalSpecId": null,
               "viewDefinitionId": "99e0d80e-06fe-42da-8170-c89ebc1117cc"
            },
            "gridsterCoords": {
               "h": 8,
               "w": 4,
               "x": 9,
               "y": 1
            },
            "height": 438,
            "id": "3e0dfa4d-3685-4373-8bb0-6e4830bbeab3",
            "title": "Powered Off EC2 Instances",
            "type": "View"
         },
         {
            "collapsed": false,
            "config": {
               "chartViewItems": [],
               "isUpdatedView": true,
               "refreshContent": {"refreshContent": true},
               "refreshInterval": 300,
               "resource": {
                  "id": "Ext.vcops.chrome.model.Resource-22",
                  "resourceId": "resource:id:0_::_",
                  "resourceKindId": "002016AmazonAWSAdapterAWS World",
                  "resourceName": "AWS World",
                  "traversalSpecId": ""
               },
               "selectFirstRow": {"selectFirstRow": false},
               "selfProvider": {"selfProvider": true},
               "title": "Potentially Idle EC2 Instances",
               "traversalSpecId": null,
               "viewDefinitionId": "a3fdc80c-07ba-4834-ba41-136c6b4ad7c9"
            },
            "gridsterCoords": {
               "h": 8,
               "w": 4,
               "x": 5,
               "y": 1
            },
            "height": 438,
            "id": "4d84138b-747d-45ba-ba8d-c9b962489373",
            "title": "Potentially Idle EC2 Instances",
            "type": "View"
         },
         {
            "collapsed": false,
            "config": {
               "chartViewItems": ["legend"],
               "isUpdatedView": true,
               "refreshContent": {"refreshContent": false},
               "refreshInterval": 300,
               "resource": null,
               "selectFirstRow": {"selectFirstRow": false},
               "selfProvider": {"selfProvider": false},
               "title": "CPU Utilization of Selected EC2 Instance",
               "traversalSpecId": "",
               "viewDefinitionId": "5af26160-ee1f-48a5-9a41-ce2b3189da83"
            },
            "gridsterCoords": {
               "h": 7,
               "w": 6,
               "x": 1,
               "y": 9
            },
            "height": 381,
            "id": "7ad0b251-547b-4492-8342-dcb3e44c7f03",
            "title": "CPU Utilization of Selected EC2 Instance",
            "type": "View"
         },
         {
            "collapsed": false,
            "config": {
               "chartViewItems": ["legend"],
               "isUpdatedView": true,
               "refreshContent": {"refreshContent": false},
               "refreshInterval": 300,
               "resource": null,
               "selectFirstRow": {"selectFirstRow": false},
               "selfProvider": {"selfProvider": false},
               "title": "Network Utilization of Selected EC2 Instance",
               "traversalSpecId": "",
               "viewDefinitionId": "065a6354-485a-4050-a773-71d2920aa6a4"
            },
            "gridsterCoords": {
               "h": 7,
               "w": 6,
               "x": 7,
               "y": 9
            },
            "height": 381,
            "id": "68d091c5-5241-4cf0-a63d-601e4bb39c1d",
            "title": "Network Utilization of Selected EC2 Instance",
            "type": "View"
         }
      ]
   }],
   "entries": {"resource": [{
      "adapterKindKey": "AmazonAWSAdapter",
      "identifiers": [],
      "internalId": "resource:id:0_::_",
      "name": "AWS World",
      "resourceKindKey": "AWS World"
   }]},
   "uuid": "883f22dd-4867-4f81-b9af-7cf50250fd99"
}